[{"@type":"mappingTemplate","id":"@1","name":"m_di_dbridge_case_cp_do_fulltocdc_copy_job","description":"","bundleVersion":"0","templateId":"@3","deployTime":1676363666000,"hasParameters":false,"valid":true,"fixedConnection":true,"hasParametersDeployed":false,"fixedConnectionDeployed":true,"isSchemaValidationEnabled":false,"tasks":0,"mappingPreviewFileRecordId":"@2","documentType":"MAPPING","references":[{"@type":"reference","refObjectId":"@9tWTLPO3pqBczgO8NIT0ID","refType":"connection"},{"@type":"reference","refObjectId":"@j2we7yJA1sggHf2e03Almu","refType":"connection"}]}]