[{"@type":"mappingTemplate","id":"@1","name":"m_di_dbridge_case_patient_stg_load","description":"","bundleVersion":"0","templateId":"@3","deployTime":1675323450000,"hasParameters":false,"valid":true,"fixedConnection":true,"hasParametersDeployed":false,"fixedConnectionDeployed":true,"isSchemaValidationEnabled":false,"tasks":0,"mappingPreviewFileRecordId":"@2","documentType":"MAPPING","references":[{"@type":"reference","refObjectId":"@lzeKr9HyhqEbybVmbvVz6B","refType":"connection"},{"@type":"reference","refObjectId":"@4g2Z7LOIgrAeWNSMBzgSsj","refType":"connection"}]}]