[{"@type":"mappingTemplate","id":"@1","name":"m_di_dbridge_case_patient_previous_pregancy_outcomes_load","description":"","bundleVersion":"0","templateId":"@3","deployTime":1672635592000,"hasParameters":false,"valid":true,"fixedConnection":true,"hasParametersDeployed":false,"fixedConnectionDeployed":true,"isSchemaValidationEnabled":false,"tasks":0,"mappingPreviewFileRecordId":"@2","documentType":"MAPPING","references":[{"@type":"reference","refObjectId":"@j2we7yJA1sggHf2e03Almu","refType":"connection"}]}]